<ImportExportXml xmlns:xsi="http://www.w3.org/2001/XMLSchema-instance">
  <Entities></Entities>
  <Roles></Roles>
  <Workflows></Workflows>
  <FieldSecurityProfiles></FieldSecurityProfiles>
  <Templates />
  <RibbonDiffXml>
    <CustomActions>
      <CustomAction Id="web.ApplicationRibbon.WebresourceEditor.Button.CustomAction" Location="Mscrm.BasicHomeTab.Tools.Controls._children" Sequence="55">
        <CommandUIDefinition>
          <Button Alt="$LocLabels:web.ApplicationRibbon.WebresourceEditor.Button.Alt" Command="web.ApplicationRibbon.WebresourceEditor.Command" Id="web.ApplicationRibbon.WebresourceEditor.Button" Image16by16="$webresource:web_editoricon.png" LabelText="$LocLabels:web.ApplicationRibbon.WebresourceEditor.Button.LabelText" Sequence="55" TemplateAlias="isv" ToolTipTitle="$LocLabels:web.ApplicationRibbon.WebresourceEditor.Button.ToolTipTitle" ToolTipDescription="$LocLabels:web.ApplicationRibbon.WebresourceEditor.Button.ToolTipDescription" />
        </CommandUIDefinition>
      </CustomAction>
    </CustomActions>
    <Templates>
      <RibbonTemplates Id="Mscrm.Templates"></RibbonTemplates>
    </Templates>
    <CommandDefinitions>
      <CommandDefinition Id="web.ApplicationRibbon.WebresourceEditor.Command">
        <EnableRules />
        <DisplayRules>
          <DisplayRule Id="web.ApplicationRibbon.WebresourceEditor.DisplayRule" />
        </DisplayRules>
        <Actions>
          <Url Address="$webresource:web_editor.html" WinMode="0" />
        </Actions>
      </CommandDefinition>
    </CommandDefinitions>
    <RuleDefinitions>
      <TabDisplayRules />
      <DisplayRules>
        <DisplayRule Id="web.ApplicationRibbon.WebresourceEditor.DisplayRule">
          <OrRule>
            <Or>
              <PageRule Address="/tools/Solution/home_solution.aspx" />
            </Or>
            <Or>
              <PageRule Address="/tools/systemcustomization/systemcustomization.aspx" />
            </Or>
            <Or>
              <CrmClientTypeRule Type="Outlook" />
              <MiscellaneousPrivilegeRule PrivilegeName="ImportCustomization" />
            </Or>
          </OrRule>
        </DisplayRule>
      </DisplayRules>
      <EnableRules />
    </RuleDefinitions>
    <LocLabels>
      <LocLabel Id="web.ApplicationRibbon.WebresourceEditor.Button.Alt">
        <Titles>
          <Title description="Webresource Editor" languagecode="1033" />
        </Titles>
      </LocLabel>
      <LocLabel Id="web.ApplicationRibbon.WebresourceEditor.Button.LabelText">
        <Titles>
          <Title description="Webresource Editor" languagecode="1033" />
        </Titles>
      </LocLabel>
      <LocLabel Id="web.ApplicationRibbon.WebresourceEditor.Button.ToolTipDescription">
        <Titles>
          <Title description="VS Code like Webresource Editor in browser" languagecode="1033" />
        </Titles>
      </LocLabel>
      <LocLabel Id="web.ApplicationRibbon.WebresourceEditor.Button.ToolTipTitle">
        <Titles>
          <Title description="Webresource Editor" languagecode="1033" />
        </Titles>
      </LocLabel>
    </LocLabels>
  </RibbonDiffXml>
  <EntityMaps />
  <EntityRelationships />
  <OrganizationSettings />
  <optionsets />
  <WebResources>
    <WebResource>
      <WebResourceId>{6ff13063-4fd7-ed11-a7c6-6045bdaaaa84}</WebResourceId>
      <Name>web_editor.html</Name>
      <DisplayName>editor.html</DisplayName>
      <LanguageCode>1033</LanguageCode>
      <WebResourceType>1</WebResourceType>
      <IntroducedVersion>1.0.0.0</IntroducedVersion>
      <IsEnabledForMobileClient>0</IsEnabledForMobileClient>
      <IsAvailableForMobileOffline>0</IsAvailableForMobileOffline>
      <IsCustomizable>1</IsCustomizable>
      <CanBeDeleted>1</CanBeDeleted>
      <IsHidden>0</IsHidden>
      <FileName>/WebResources/web_editorhtml6FF13063-4FD7-ED11-A7C6-6045BDAAAA84</FileName>
    </WebResource>
    <WebResource>
      <WebResourceId>{d8db8e7b-4fd7-ed11-a7c6-6045bdaaaa84}</WebResourceId>
      <Name>web_editor.js</Name>
      <DisplayName>editor.js</DisplayName>
      <LanguageCode>1033</LanguageCode>
      <WebResourceType>3</WebResourceType>
      <IntroducedVersion>1.0.0.0</IntroducedVersion>
      <IsEnabledForMobileClient>0</IsEnabledForMobileClient>
      <IsAvailableForMobileOffline>0</IsAvailableForMobileOffline>
      <IsCustomizable>1</IsCustomizable>
      <CanBeDeleted>1</CanBeDeleted>
      <IsHidden>0</IsHidden>
      <FileName>/WebResources/web_editorjsD8DB8E7B-4FD7-ED11-A7C6-6045BDAAAA84</FileName>
    </WebResource>
    <WebResource>
      <WebResourceId>{8d7dab1b-5dd9-ed11-a7c6-6045bdaaaa84}</WebResourceId>
      <Name>web_editoricon.png</Name>
      <DisplayName>editoricon.png</DisplayName>
      <LanguageCode>1033</LanguageCode>
      <WebResourceType>5</WebResourceType>
      <IntroducedVersion>1.0.0.6</IntroducedVersion>
      <IsEnabledForMobileClient>0</IsEnabledForMobileClient>
      <IsAvailableForMobileOffline>0</IsAvailableForMobileOffline>
      <IsCustomizable>1</IsCustomizable>
      <CanBeDeleted>1</CanBeDeleted>
      <IsHidden>0</IsHidden>
      <FileName>/WebResources/web_editoriconpng8D7DAB1B-5DD9-ED11-A7C6-6045BDAAAA84</FileName>
    </WebResource>
  </WebResources>
  <CustomControls />
  <SolutionPluginAssemblies>
    <PluginAssembly FullName="WebresourceEditor, Version=1.0.0.0, Culture=neutral, PublicKeyToken=354cbce92bfe67d8" PluginAssemblyId="a2825682-496a-4191-9839-5145684e8514" CustomizationLevel="1">
      <IsolationMode>2</IsolationMode>
      <SourceType>0</SourceType>
      <IntroducedVersion>1.0</IntroducedVersion>
      <FileName>/PluginAssemblies/WebresourceEditor-A2825682-496A-4191-9839-5145684E8514/WebresourceEditor.dll</FileName>
      <PluginTypes>
        <PluginType AssemblyQualifiedName="WebresourceEditor.UpdateWebresource, WebresourceEditor, Version=1.0.0.0, Culture=neutral, PublicKeyToken=354cbce92bfe67d8" PluginTypeId="a8de3897-c9de-480c-8007-9e618c9d2ea8" Name="WebresourceEditor.UpdateWebresource">
          <FriendlyName>756bcdc7-778b-4b4c-99e5-9267ab1de012</FriendlyName>
        </PluginType>
      </PluginTypes>
    </PluginAssembly>
  </SolutionPluginAssemblies>
  <EntityDataProviders />
  <Languages>
    <Language>1033</Language>
  </Languages>
</ImportExportXml>