<ImportExportXml xmlns:xsi="http://www.w3.org/2001/XMLSchema-instance">
  <Entities></Entities>
  <Roles></Roles>
  <Workflows></Workflows>
  <FieldSecurityProfiles></FieldSecurityProfiles>
  <Templates />
  <EntityMaps />
  <EntityRelationships />
  <OrganizationSettings />
  <optionsets />
  <CustomControls />
  <SolutionPluginAssemblies>
    <PluginAssembly FullName="WebresourceEditor, Version=1.0.0.0, Culture=neutral, PublicKeyToken=354cbce92bfe67d8" PluginAssemblyId="a2825682-496a-4191-9839-5145684e8514" CustomizationLevel="1">
      <IsolationMode>2</IsolationMode>
      <SourceType>0</SourceType>
      <IntroducedVersion>1.0</IntroducedVersion>
      <FileName>/PluginAssemblies/WebresourceEditor-A2825682-496A-4191-9839-5145684E8514/WebresourceEditor.dll</FileName>
      <PluginTypes>
        <PluginType AssemblyQualifiedName="WebresourceEditor.UpdateWebresource, WebresourceEditor, Version=1.0.0.0, Culture=neutral, PublicKeyToken=354cbce92bfe67d8" PluginTypeId="a8de3897-c9de-480c-8007-9e618c9d2ea8" Name="WebresourceEditor.UpdateWebresource">
          <FriendlyName>756bcdc7-778b-4b4c-99e5-9267ab1de012</FriendlyName>
        </PluginType>
      </PluginTypes>
    </PluginAssembly>
  </SolutionPluginAssemblies>
  <EntityDataProviders />
  <Languages>
    <Language>1033</Language>
  </Languages>
</ImportExportXml>