<customapirequestparameter uniquename="webresourceid">
  <description default="UpdateWebresource.webresourceid">
    <label description="UpdateWebresource.webresourceid" languagecode="1033" />
  </description>
  <displayname default="UpdateWebresource.webresourceid">
    <label description="UpdateWebresource.webresourceid" languagecode="1033" />
  </displayname>
  <iscustomizable>1</iscustomizable>
  <isoptional>0</isoptional>
  <name>UpdateWebresource.webresourceid</name>
  <type>10</type>
</customapirequestparameter>