<customapi uniquename="web_update">
  <allowedcustomprocessingsteptype>0</allowedcustomprocessingsteptype>
  <bindingtype>0</bindingtype>
  <description default="UpdateWebresource">
    <label description="UpdateWebresource" languagecode="1033" />
  </description>
  <displayname default="UpdateWebresource">
    <label description="UpdateWebresource" languagecode="1033" />
  </displayname>
  <iscustomizable>1</iscustomizable>
  <isfunction>0</isfunction>
  <isprivate>0</isprivate>
  <name>UpdateWebresource</name>
  <plugintypeid>
    <plugintypeexportkey>a8de3897-c9de-480c-8007-9e618c9d2ea8</plugintypeexportkey>
  </plugintypeid>
  <workflowsdkstepenabled>0</workflowsdkstepenabled>
</customapi>